{
    "xs": [ 0.5, 1.0, 1.5, 2.0, 2.5, 3.0, 3.5, 4.0, 4.5, 5.0, 5.5, 6.0, 6.5, 7.0, 7.5, 8.0, 8.5, 9.0, 9.5, 10.0, 10.5, 11.0, 11.5, 12.0, 12.5, 13.0, 13.5, 14.0, 14.5, 15.0, 15.5, 16.0, 16.5, 17.0, 17.5, 18.0, 18.5, 19.0, 19.5, 20.0, 20.5, 21.0, 21.5, 22.0, 22.5, 23.0, 23.5, 24.0, 24.5, 25.0, 25.5, 26.0, 26.5, 27.0, 27.5, 28.0, 28.5, 29.0, 29.5, 30.0, 30.5, 31.0, 31.5, 32.0, 32.5, 33.0, 33.5, 34.0, 34.5, 35.0, 35.5, 36.0, 36.5, 37.0, 37.5, 38.0, 38.5, 39.0, 39.5, 40.0, 40.5, 41.0, 41.5, 42.0, 42.5, 43.0, 43.5, 44.0, 44.5, 45.0, 45.5, 46.0, 46.5, 47.0, 47.5, 48.0, 48.5, 49.0, 49.5, 50.0, 50.5, 51.0, 51.5, 52.0, 52.5, 53.0, 53.5, 54.0, 54.5, 55.0, 55.5, 56.0, 56.5, 57.0, 57.5, 58.0, 58.5, 59.0, 59.5, 60.0, 60.5, 61.0, 61.5, 62.0, 62.5, 63.0, 63.5, 64.0, 64.5, 65.0, 65.5, 66.0, 66.5, 67.0, 67.5, 68.0, 68.5, 69.0, 69.5, 70.0, 70.5, 71.0, 71.5, 72.0, 72.5, 73.0, 73.5, 74.0, 74.5, 75.0, 75.5, 76.0, 76.5, 77.0, 77.5, 78.0, 78.5, 79.0, 79.5, 80.0, 80.5, 81.0, 81.5, 82.0, 82.5, 83.0, 83.5, 84.0, 84.5, 85.0, 85.5, 86.0, 86.5, 87.0, 87.5, 88.0, 88.5, 89.0, 89.5, 90.0, 90.5, 91.0, 91.5, 92.0, 92.5, 93.0, 93.5, 94.0, 94.5, 95.0, 95.5, 96.0, 96.5, 97.0, 97.5, 98.0, 98.5, 99.0, 99.5, 100.0, 100.5, 101, 102, 103, 104, 105, 106, 107, 108, 109, 110, 111, 112, 113, 114, 115, 116, 117, 118, 119, 120, 121, 122, 123, 124, 125, 126, 127, 128, 129, 130, 131, 132, 133, 134, 135, 136, 137, 138, 139, 140, 141, 142, 143, 144, 145, 146, 147, 148, 149, 150, 155, 160, 165, 170, 175, 180, 185, 190, 195, 200 ],
    "ys": [ 1.0, 1.0, 1.0, 1.0, 1.0, 1.0, 1.0, 1.0, 1.0, 1.0, 1.0, 1.0, 1.0, 1.0, 1.0, 1.0, 1.0, 1.0, 1.0, 1.0, 1.0, 1.0, 1.0, 1.0, 1.0, 1.0, 1.0, 1.0, 1.0, 1.0, 1.0, 1.0, 1.0, 1.0, 1.0, 1.0, 1.0, 1.0, 1.0, 0.9999866666666666, 0.9999466666666667, 0.9999466666666667, 0.9998933333333334, 0.9998400000000003, 0.9997600000000001, 0.9997466666666667, 0.9996666666666668, 0.9995866666666668, 0.9994266613311991, 0.9992533226623981, 0.9989733173269306, 0.9987199786581298, 0.9983599519807921, 0.9978932746431902, 0.9973465919701211, 0.9967465706282513, 0.9960265599573163, 0.9952265439509138, 0.9942265172735762, 0.9931331252501002, 0.9918397599039616, 0.9901597332266241, 0.988346351874083, 0.9863729545151396, 0.9843728904895295, 0.9816925436841402, 0.9787324263038548, 0.9755189595838336, 0.9720921168467386, 0.9680786021075095, 0.9636650126717352, 0.9586781432573026, 0.9532112951847406, 0.9479044311057757, 0.9420600481359429, 0.9354059621598331, 0.9283518121837591, 0.9207910061734969, 0.9129767654047367, 0.9049331624518024, 0.8963054015699202, 0.8871174111646523, 0.8775528101290152, 0.867811024610262, 0.8574870912768388, 0.8461378944278349, 0.8354534382912406, 0.8238883914448358, 0.8126336773695594, 0.7995216602076838, 0.7868875297709866, 0.7738549775407706, 0.7603796909897705, 0.7458935868052923, 0.732831585623956, 0.719125585749151, 0.705942794199922, 0.6903401385400457, 0.6768785267507498, 0.6627604416709605, 0.6480294973856203, 0.6329399510807399, 0.6182511206448339, 0.6040336621173614, 0.5885316557063267, 0.5735984807930522, 0.5594716397623215, 0.545020480696694, 0.5299599259423619, 0.514783633423514, 0.5004577412401652, 0.48604482647554176, 0.47130219175086585, 0.4578983730718775, 0.4449507726854699, 0.43161092144163987, 0.41796522510694517, 0.40351133351487256, 0.3906408971991883, 0.378312805398493, 0.36127945897299263, 0.35086412266680217, 0.33982960387233313, 0.3288501282018734, 0.3148032049922649, 0.3043080212406167, 0.29198639015558464, 0.2814451668228027, 0.2718635515884522, 0.26178055930425687, 0.250979193589116, 0.23974102115996365, 0.23077772156358922, 0.22260505770996006, 0.2126942661804163, 0.2035553475848426, 0.19539704534628763, 0.18795891936652548, 0.1798057635148518, 0.17165278045540866, 0.16509074731765921, 0.1582047998911058, 0.15950397760784116, 0.15000478496528002, 0.14188620637093902, 0.13670362371266573, 0.13194711944620768, 0.12643466837279807, 0.11990493731808805, 0.1153435699380626, 0.11043919708928522, 0.10535072654719728, 0.10142979392494735, 0.09710805969949099, 0.09312299924771461, 0.08764973243206957, 0.0843697211267847, 0.07904642409033877, 0.07486407360936846, 0.07109995817649518, 0.06817231283981598, 0.06566290255123379, 0.06315349226265161, 0.059807611877875366, 0.05562526139690506, 0.05269761606022585, 0.05144291091593475, 0.0, 0.044332915098285235, 0.0, 0.0, 0.0, 0.0, 0.0, 0.0, 0.0, 0.0, 0.0, 0.0, 0.0, 0.0, 0.0, 0.0, 0.0, 0.0, 0.0, 0.0, 0.0, 0.0, 0.0, 0.0, 0.0, 0.0, 0.0, 0.0, 0.0, 0.0, 0.0, 0.0, 0.0, 0.0, 0.0, 0.0, 0.0, 0.0, 0.0, 0.0, 0.0, 0.0, 0.0, 0.0, 0.0, 0.0, 0.0, 0.0, 0.0, 0.0, 0.0, 0.0, 0.0, 0.0, 0.0, 0.0, 0.0, 0.0, 0.0, 0.0, 0.0, 0.0, 0.0, 0.0, 0.0, 0.0, 0.0, 0.0, 0.0, 0.0, 0.0, 0.0, 0.0, 0.0, 0.0, 0.0, 0.0, 0.0, 0.0, 0.0, 0.0, 0.0, 0.0, 0.0, 0.0, 0.0, 0.0, 0.0, 0.0, 0.0, 0.0, 0.0, 0.0, 0.0 ]
}